ID,PreviouslyDefaulted,City,SalePrice,Location,Age,EducationLevel,YearsWithCurrentEmployer,YearsAtCurrentAddress,HouseholdIncome,DebtIncomeRatio,CreditCardDebt,OtherDebt,Residence,NumberOfCards,LoanAmount
100272.000000,1,"NSW-Sydney",180000,130,41,3,17,12,"$176 ",9.300000,11.359392,5.008608,"Owner Occupier",1.000000,12820.000000
100273.000000,0,"VIC-Bendigo",145000,100,27,1,10,6,"$31 ",17.300000,1.362202,4.000798,"Owner Occupier",2.000000,7275.000000
100279.000000,0,"NSW-Gosford",145000,110,40,1,15,14,"$55 ",5.500000,0.856075,2.168925,"Owner Occupier",1.000000,10760.000000
100280.000000,0,"WA-Geraldton",170000,100,41,1,15,14,"$120 ",2.900000,2.658720,0.821280,"Owner Occupier",2.000000,10455.000000
100282.000000,1,"VIC-Portland",137000,100,24,2,2,0,"$28 ",17.300000,1.787436,3.056564,"Owner Occupier",2.000000,12985.000000
100283.000000,0,"NSW-Sydney",259000,100,41,2,5,5,"$25 ",10.200000,0.392700,2.157300,"Owner Occupier",2.000000,7340.000000
100284.000000,0,"NSW-Sydney",280000,110,39,1,20,9,"$67 ",30.600000,3.833874,16.668126,"Public Housing",2.000000,9085.000000
100285.000000,0,"VIC-Melbourne",264000,130,43,1,12,11,"$38 ",3.600000,0.128592,1.239408,"Public Housing",2.000000,9515.000000
100288.000000,1,"NSW-Newcastle",170000,100,24,1,3,4,"$19 ",24.400000,1.358348,3.277652,"Owner Occupier",2.000000,8150.000000
100292.000000,0,"VIC-Ballarat",95000,101,36,1,0,13,"$25 ",19.700000,2.777700,2.147300,"Public Housing",1.000000,8910.000000
100293.000000,0,"WA-Geraldton",575000,120,27,1,0,1,"$16 ",1.700000,0.182512,0.089488,"Owner Occupier",2.000000,3705.000000
100294.000000,0,"NSW-Sydney",349900,130,25,1,4,0,"$23 ",5.200000,0.252356,0.943644,"Private Renting",2.000000,5925.000000
100295.000000,0,"NSW-Sydney",98000,100,52,1,24,14,"$64 ",10.000000,3.929600,2.470400,"Private Renting",2.000000,4415.000000
100303.000000,0,"VIC-Portland",153000,100,37,1,6,9,"$29 ",16.300000,1.715901,3.011099,"Public Housing",2.000000,11285.000000
100306.000000,0,"NSW-Newcastle",355000,100,48,1,22,15,"$100 ",9.100000,3.703700,5.396300,"Public Housing",1.000000,7800.000000
100310.000000,1,"NSW-Sydney",525000,100,36,2,9,6,"$49 ",8.600000,0.817516,3.396484,"Private Renting",1.000000,7410.000000
100311.000000,1,"NSW-Sydney",355000,100,36,2,13,6,"$41 ",16.400000,2.918216,3.805784,"Owner Occupier",1.000000,9630.000000
100319.000000,0,"ACT-Canberra",525000,100,43,1,23,19,"$72 ",7.600000,1.181952,4.290048,"Owner Occupier",2.000000,7350.000000
100320.000000,0,"NSW-Sydney",245000,130,39,1,6,9,"$61 ",5.700000,0.563274,2.913726,"Owner Occupier",2.000000,7535.000000
100321.000000,0,"NSW-Sydney",235000,100,41,3,0,21,"$26 ",1.700000,0.099008,0.342992,"Owner Occupier",2.000000,8125.000000
100322.000000,0,"SA-Adelaide",950000,110,39,1,22,3,"$52 ",3.200000,1.154816,0.509184,"Owner Occupier",1.000000,6140.000000
100323.000000,0,"SA-Adelaide",210000,120,47,1,17,21,"$43 ",5.600000,0.587552,1.820448,"Owner Occupier",2.000000,3380.000000
100324.000000,0,"NT-Darwin",222500,101,28,1,3,6,"$26 ",10.000000,0.431600,2.168400,"Owner Occupier",2.000000,7955.000000
100325.000000,0,"NSW-Sydney",215000,120,29,1,8,6,"$27 ",9.800000,0.402192,2.243808,"Sheltered",2.000000,8250.000000
100326.000000,1,"NSW-Gosford",240000,120,21,2,1,2,"$16 ",18.000000,0.241920,2.638080,"Private Renting",2.000000,9690.000000
100329.000000,0,"NSW-Gosford",150000,100,25,4,0,2,"$32 ",17.600000,2.140160,3.491840,"Owner Occupier",1.000000,10165.000000
100330.000000,0,"WA-Geraldton",240000,120,45,2,9,26,"$69 ",6.700000,0.707319,3.915681,"Private Renting",1.000000,5860.000000
100334.000000,0,"VIC-Ballarat",310000,100,43,1,25,21,"$64 ",16.700000,0.951232,9.736768,"Owner Occupier",2.000000,8915.000000
100337.000000,0,"NSW-Sydney",185000,101,33,2,12,8,"$58 ",18.400000,3.084208,7.587792,"Owner Occupier",2.000000,11420.000000
100338.000000,0,"WA-Geraldton",103000,101,26,3,2,1,"$37 ",14.200000,0.204906,5.049094,"Owner Occupier",1.000000,7385.000000
100342.000000,0,"WA-Geraldton",650000,101,45,1,3,15,"$20 ",2.100000,0.105000,0.315000,"Owner Occupier",1.000000,8925.000000
100343.000000,0,"VIC-Ballarat",349000,100,30,1,1,10,"$22 ",10.500000,1.138830,1.171170,"Public Housing",2.000000,8465.000000
100344.000000,0,"NSW-Sydney",170000,120,27,3,2,7,"$26 ",6.000000,0.722280,0.837720,"Private Renting",1.000000,5915.000000
100345.000000,0,"VIC-Portland",159900,100,25,1,8,4,"$27 ",14.400000,1.018656,2.869344,"Owner Occupier",2.000000,4430.000000
100346.000000,0,"NSW-Sydney",165000,100,25,1,8,1,"$35 ",2.900000,0.077140,0.937860,"Private Renting",2.000000,8390.000000
100347.000000,0,"VIC-Melbourne",235000,100,26,2,6,7,"$45 ",26.000000,6.048900,5.651100,"Public Housing",1.000000,8615.000000
100348.000000,0,"VIC-Mildura",254500,130,30,2,10,4,"$22 ",16.100000,1.409716,2.132284,"Owner Occupier",1.000000,6915.000000
100350.000000,0,"NSW-Sydney",420000,111,32,2,12,1,"$54 ",14.400000,3.195936,4.580064,"Public Housing",1.000000,9365.000000
100352.000000,1,"NSW-Sydney",125000,130,28,2,1,8,"$24 ",17.100000,1.337904,2.766096,"Public Housing",1.000000,11950.000000
100353.000000,0,"WA-Geraldton",190000,100,45,1,23,5,"$50 ",4.200000,0.558600,1.541400,"Public Housing",1.000000,7915.000000
100354.000000,0,"NSW-Sydney",155000,130,23,1,7,2,"$31 ",6.600000,0.337590,1.708410,"Owner Occupier",2.000000,6285.000000
100360.000000,0,"VIC-Ballarat",235000,100,34,1,17,3,"$59 ",8.000000,1.807760,2.912240,"Owner Occupier",2.000000,9305.000000
100361.000000,0,"VIC-Melbourne",500000,130,42,2,7,23,"$41 ",4.600000,0.941114,0.944886,"Public Housing",2.000000,4215.000000
100363.000000,0,"NSW-Sydney",284500,120,39,1,19,5,"$48 ",13.100000,1.930416,4.357584,"Public Housing",1.000000,6605.000000
100365.000000,1,"NSW-Sydney",164000,101,26,1,0,0,"$14 ",7.500000,0.302400,0.747600,"Private Renting",2.000000,16935.000000
100367.000000,0,"VIC-Ballarat",875000,100,21,2,0,1,"$16 ",6.800000,0.150144,0.937856,"Owner Occupier",2.000000,4600.000000
100368.000000,0,"NSW-Gosford",125000,100,35,1,13,15,"$35 ",4.500000,0.431550,1.143450,"Living with parents/guardian",1.000000,5315.000000
100369.000000,0,"NSW-Sydney",325000,100,47,1,4,2,"$26 ",10.400000,0.121680,2.582320,"Private Renting",2.000000,6940.000000
100373.000000,1,"VIC-Ballarat",275000,100,23,2,0,2,"$21 ",11.400000,0.775656,1.618344,"Owner Occupier",2.000000,7195.000000
100374.000000,0,"VIC-Mildura",117000,100,35,1,18,2,"$42 ",7.400000,0.205128,2.902872,"Owner Occupier",1.000000,5725.000000
100375.000000,1,"NSW-Gosford",125000,101,34,1,2,11,"$25 ",12.600000,0.573300,2.576700,"Private Renting",2.000000,7775.000000
100376.000000,0,"NSW-Sydney",150000,100,46,1,1,12,"$20 ",14.000000,0.809200,1.990800,"Owner Occupier",2.000000,5370.000000
100377.000000,1,"NSW-Sydney",290000,110,46,1,16,18,"$52 ",12.900000,3.032016,3.675984,"Public Housing",1.000000,7480.000000
100378.000000,0,"VIC-Bendigo",149900,101,38,3,3,18,"$25 ",3.700000,0.311725,0.613275,"Owner Occupier",2.000000,4900.000000
100379.000000,0,"VIC-Ballarat",273500,120,40,2,3,2,"$28 ",9.500000,0.553280,2.106720,"Private Renting",2.000000,9100.000000
100381.000000,1,"NSW-Sydney",309534,110,37,1,1,3,"$24 ",15.100000,1.801128,1.822872,"Owner Occupier",2.000000,10455.000000
100382.000000,0,"NSW-Sydney",145000,130,35,1,9,1,"$34 ",5.000000,0.397800,1.302200,"Private Renting",2.000000,10910.000000
100383.000000,0,"NSW-Sydney",156000,100,39,2,16,13,"$69 ",2.400000,1.061496,0.594504,"Private Renting",1.000000,11105.000000
100384.000000,0,"VIC-Melbourne",600000,100,40,3,18,6,"$100 ",2.500000,1.485000,1.015000,"Owner Occupier",2.000000,13645.000000
100385.000000,0,"WA-Geraldton",260000,110,50,3,10,20,"$80 ",12.200000,2.479040,7.280960,"Owner Occupier",2.000000,8975.000000
100386.000000,0,"WA-Perth",150000,100,31,1,9,10,"$28 ",2.400000,0.047712,0.624288,"Owner Occupier",2.000000,7760.000000
100388.000000,1,"NSW-Sydney",260000,120,29,1,13,1,"$42 ",7.400000,1.457652,1.650348,"Owner Occupier",1.000000,9550.000000
100389.000000,0,"NSW-Sydney",193000,101,37,1,4,0,"$23 ",12.400000,0.869860,1.982140,"Owner Occupier",1.000000,8915.000000
100390.000000,0,"NSW-Sydney",537500,100,33,2,4,9,"$55 ",7.000000,2.159850,1.690150,"Owner Occupier",2.000000,10105.000000
100394.000000,0,"NSW-Sydney",176000,100,26,2,5,7,"$28 ",7.800000,1.024296,1.159704,"Public Housing",1.000000,8070.000000
100396.000000,1,"VIC-Mildura",300000,100,32,2,11,6,"$75 ",23.300000,7.758900,9.716100,"Private Renting",1.000000,7600.000000
100398.000000,1,"VIC-Geelong",185000,100,28,2,2,3,"$23 ",6.400000,0.186944,1.285056,"Owner Occupier",1.000000,9310.000000
100399.000000,0,"NSW-Sydney",275000,100,39,1,19,8,"$46 ",9.100000,2.515786,1.670214,"Owner Occupier",2.000000,925.000000
100402.000000,1,"VIC-Ballarat",1290000,110,28,2,8,3,"$31 ",8.200000,1.492154,1.049846,"Owner Occupier",1.000000,3965.000000
100403.000000,1,"VIC-Melbourne",161000,100,29,1,1,2,"$20 ",18.600000,0.569160,3.150840,"Owner Occupier",1.000000,8790.000000
100405.000000,0,"NSW-Sydney",499250,100,34,2,3,8,"$21 ",23.100000,1.401939,3.449061,"Owner Occupier",1.000000,8375.000000
100407.000000,0,"NSW-Sydney",410000,101,28,2,5,9,"$34 ",23.800000,3.099236,4.992764,"Owner Occupier",1.000000,5805.000000
100409.000000,0,"NSW-Sydney",350000,110,47,1,26,21,"$100 ",12.800000,4.582400,8.217600,"Public Housing",2.000000,7810.000000
100411.000000,0,"VIC-Melbourne",200000,130,43,4,1,5,"$26 ",10.600000,1.518556,1.237444,"Owner Occupier",1.000000,12920.000000
100412.000000,0,"NSW-Sydney",570000,100,41,1,13,10,"$44 ",1.700000,0.071060,0.676940,"Owner Occupier",1.000000,5545.000000
100414.000000,0,"NSW-Sydney",153000,100,47,1,13,25,"$51 ",23.800000,3.738504,8.399496,"Living with parents/guardian",1.000000,15905.000000
100415.000000,0,"NSW-Newcastle",173900,100,24,1,2,1,"$21 ",0.600000,0.025074,0.100926,"Owner Occupier",1.000000,11855.000000
100416.000000,0,"NSW-Sydney",222000,100,29,1,1,9,"$17 ",6.700000,0.157182,0.981818,"Owner Occupier",2.000000,4765.000000
100417.000000,0,"NSW-Sydney",210000,100,33,1,14,2,"$37 ",2.600000,0.199134,0.762866,"Public Housing",1.000000,7735.000000
100418.000000,0,"NSW-Sydney",135000,130,36,1,15,10,"$39 ",3.200000,0.686400,0.561600,"Owner Occupier",1.000000,10595.000000
100419.000000,1,"NSW-Sydney",165000,111,26,1,4,3,"$27 ",10.500000,2.472120,0.362880,"Private Renting",2.000000,7005.000000
100421.000000,0,"NSW-Sydney",110000,100,31,1,11,12,"$45 ",17.000000,2.738700,4.911300,"Owner Occupier",1.000000,4240.000000
100422.000000,0,"VIC-Sheparton",290000,100,37,1,7,3,"$32 ",19.600000,2.696960,3.575040,"Private Renting",1.000000,8630.000000
100423.000000,0,"NSW-Sydney",200000,100,35,4,4,16,"$29 ",11.000000,1.843820,1.346180,"Living with parents/guardian",1.000000,24375.000000
100424.000000,0,"WA-Perth",400000,110,26,1,4,3,"$20 ",5.400000,0.318600,0.761400,"Owner Occupier",1.000000,9085.000000
100425.000000,0,"NSW-Sydney",229500,100,40,1,10,15,"$45 ",18.800000,2.013480,6.446520,"Owner Occupier",1.000000,8980.000000
100430.000000,1,"NSW-Sydney",255000,100,29,2,5,4,"$36 ",12.400000,3.490848,0.973152,"Private Renting",1.000000,6605.000000
100432.000000,0,"NSW-Newcastle",162000,101,37,3,5,17,"$29 ",24.600000,1.405398,5.728602,"Owner Occupier",2.000000,12915.000000
100436.000000,0,"NSW-Sydney",260000,130,32,1,12,12,"$28 ",2.900000,0.116116,0.695884,"Private Renting",1.000000,16485.000000
100439.000000,1,"VIC-Ballarat",348500,100,23,2,0,1,"$17 ",27.700000,2.043706,2.665294,"Owner Occupier",2.000000,6960.000000
100440.000000,0,"VIC-Melbourne",1060000,101,32,1,3,10,"$23 ",6.200000,0.052762,1.373238,"Owner Occupier",1.000000,7950.000000
100442.000000,1,"NSW-Sydney",200000,130,25,1,1,6,"$15 ",11.400000,0.371070,1.338930,"Private Renting",1.000000,6185.000000
100443.000000,0,"VIC-Bendigo",258000,100,38,1,5,5,"$54 ",10.600000,1.499688,4.224312,"Owner Occupier",2.000000,10295.000000
100444.000000,1,"NSW-Sydney",220000,100,32,2,0,6,"$18 ",5.800000,0.296496,0.747504,"Owner Occupier",1.000000,7240.000000
100445.000000,1,"NSW-Gosford",565000,120,41,3,2,0,"$15 ",26.300000,1.960665,1.984335,"Private Renting",2.000000,8550.000000
100448.000000,0,"NSW-Sydney",197307,100,36,1,17,6,"$54 ",4.400000,0.727056,1.648944,"Owner Occupier",1.000000,16275.000000
100449.000000,0,"NSW-Sydney",160000,120,42,3,13,0,"$82 ",3.300000,1.315116,1.390884,"Owner Occupier",2.000000,5515.000000
100450.000000,0,"NSW-Sydney",180000,100,41,1,14,8,"$52 ",7.300000,0.926224,2.869776,"Owner Occupier",2.000000,11875.000000
100451.000000,0,"NSW-Gosford",300000,110,29,2,4,9,"$19 ",6.300000,0.681093,0.515907,"Public Housing",2.000000,9720.000000
100452.000000,1,"NSW-Sydney",315000,100,38,3,4,6,"$31 ",9.300000,1.331946,1.551054,"Owner Occupier",1.000000,9915.000000
100453.000000,0,"NSW-Sydney",325000,100,39,1,22,9,"$113 ",2.600000,0.987168,1.950832,"Private Renting",2.000000,9240.000000
100454.000000,0,"NSW-Sydney",220000,100,36,1,6,9,"$26 ",8.300000,0.030212,2.127788,"Private Renting",1.000000,8810.000000
100456.000000,0,"VIC-Portland",145000,130,33,1,8,7,"$27 ",5.800000,0.776736,0.789264,"Private Renting",2.000000,6955.000000
100458.000000,0,"VIC-Portland",475000,110,42,2,21,11,"$121 ",3.100000,1.365364,2.385636,"Owner Occupier",1.000000,6045.000000
100465.000000,0,"NSW-Sydney",299000,101,41,2,22,17,"$75 ",23.600000,9.876600,7.823400,"Owner Occupier",1.000000,10155.000000
100468.000000,0,"VIC-Ballarat",132000,100,40,1,8,17,"$28 ",3.600000,0.534240,0.473760,"Owner Occupier",1.000000,9280.000000
100470.000000,1,"NSW-Sydney",149000,100,53,1,9,18,"$50 ",11.200000,2.016000,3.584000,"Private Renting",1.000000,13010.000000
100472.000000,0,"NSW-Sydney",340000,100,28,1,4,7,"$26 ",13.500000,1.295190,2.214810,"Public Housing",1.000000,17050.000000
100473.000000,0,"WA-Geraldton",443000,100,36,2,12,13,"$60 ",7.900000,1.720620,3.019380,"Private Renting",1.000000,7060.000000
100476.000000,0,"VIC-Geelong",150876,100,34,2,9,13,"$45 ",10.100000,1.118070,3.426930,"Owner Occupier",1.000000,9240.000000
100477.000000,0,"NSW-Sydney",192500,100,45,3,2,5,"$39 ",4.900000,0.458640,1.452360,"Owner Occupier",1.000000,11245.000000
100485.000000,0,"NSW-Gosford",185000,100,38,1,6,0,"$41 ",8.900000,0.266377,3.382623,"Owner Occupier",1.000000,6670.000000
100486.000000,0,"NSW-Sydney",235000,130,21,3,0,2,"$24 ",7.700000,0.833448,1.014552,"Owner Occupier",2.000000,8225.000000
100487.000000,0,"NSW-Sydney",190000,130,42,1,12,11,"$51 ",21.400000,2.411994,8.502006,"Owner Occupier",2.000000,9745.000000
100488.000000,0,"NSW-Sydney",355000,100,52,1,16,25,"$64 ",8.600000,1.865856,3.638144,"Owner Occupier",1.000000,12230.000000
100489.000000,0,"NSW-Sydney",265000,100,25,2,4,6,"$33 ",5.200000,0.552552,1.163448,"Owner Occupier",2.000000,10500.000000
100490.000000,0,"NSW-Sydney",185000,111,34,2,9,9,"$65 ",6.200000,2.107690,1.922310,"Owner Occupier",2.000000,6020.000000
100491.000000,0,"WA-Geraldton",300000,100,40,2,15,16,"$73 ",3.400000,1.032512,1.449488,"Private Renting",1.000000,6510.000000
100492.000000,1,"VIC-Melbourne",230000,100,31,2,0,4,"$27 ",12.800000,1.088640,2.367360,"Owner Occupier",1.000000,10250.000000
100493.000000,1,"NSW-Sydney",106300,130,25,1,1,0,"$20 ",6.700000,0.471680,0.868320,"Owner Occupier",1.000000,12725.000000
100494.000000,0,"WA-Fremantle",245000,130,45,1,12,19,"$37 ",9.500000,1.342730,2.172270,"Owner Occupier",2.000000,10715.000000
100495.000000,1,"ACT-Canberra",150000,100,23,1,3,0,"$19 ",8.400000,0.279300,1.316700,"Sheltered",2.000000,14355.000000
100496.000000,1,"NSW-Sydney",258000,100,34,4,6,3,"$27 ",35.300000,1.982448,7.548552,"Private Renting",1.000000,8450.000000
100497.000000,1,"NSW-Sydney",285000,100,31,1,2,4,"$22 ",12.700000,1.092454,1.701546,"Private Renting",2.000000,6215.000000
100499.000000,0,"VIC-Bendigo",330000,100,28,1,5,9,"$22 ",2.800000,0.140448,0.475552,"Owner Occupier",2.000000,12315.000000
100500.000000,0,"NSW-Sydney",535000,100,41,1,7,11,"$43 ",4.400000,0.694364,1.197636,"Owner Occupier",2.000000,10490.000000
100503.000000,1,"NSW-Sydney",285000,100,39,2,7,2,"$68 ",13.000000,1.016600,7.823400,"Private Renting",1.000000,8730.000000
100505.000000,0,"VIC-Mildura",146000,130,29,2,9,3,"$36 ",1.400000,0.127008,0.376992,"Owner Occupier",2.000000,8900.000000
100506.000000,0,"NSW-Sydney",395000,110,21,1,5,1,"$25 ",9.000000,0.366750,1.883250,"Owner Occupier",2.000000,12095.000000
100507.000000,0,"NSW-Sydney",650000,110,41,2,19,2,"$68 ",5.800000,1.506608,2.437392,"Public Housing",1.000000,7330.000000
100510.000000,0,"NSW-Sydney",350000,100,26,4,1,7,"$27 ",2.900000,0.311634,0.471366,"Public Housing",2.000000,5145.000000
100511.000000,0,"NSW-Sydney",144000,100,33,1,5,10,"$18 ",12.900000,0.984528,1.337472,"Owner Occupier",2.000000,12220.000000
100512.000000,0,"NSW-Sydney",195000,100,45,2,18,19,"$35 ",17.400000,0.548100,5.541900,"Owner Occupier",1.000000,9260.000000
100516.000000,0,"VIC-Portland",195000,100,39,1,17,20,"$60 ",13.700000,2.449560,5.770440,"Living with parents/guardian",2.000000,12210.000000
100519.000000,0,"NSW-Sydney",182500,130,24,1,7,2,"$21 ",6.300000,0.519939,0.803061,"Owner Occupier",2.000000,10605.000000
100521.000000,0,"NSW-Sydney",287500,100,29,2,6,7,"$57 ",2.200000,0.452694,0.801306,"Owner Occupier",1.000000,10100.000000
100522.000000,0,"VIC-Melbourne",500000,110,27,2,1,0,"$23 ",12.400000,0.285200,2.566800,"Owner Occupier",2.000000,9405.000000
100523.000000,0,"TAS-Hobart",360000,110,40,1,13,2,"$28 ",5.900000,0.964768,0.687232,"Owner Occupier",1.000000,11015.000000
100524.000000,0,"NSW-Sydney",121000,100,29,1,8,10,"$24 ",6.700000,0.469536,1.138464,"Private Renting",1.000000,6720.000000
100526.000000,1,"NSW-Sydney",147000,100,29,2,4,3,"$37 ",6.600000,1.159950,1.282050,"Owner Occupier",1.000000,8060.000000
100527.000000,1,"NSW-Sydney",190500,100,24,1,0,2,"$16 ",16.000000,1.008640,1.551360,"Private Renting",2.000000,9680.000000
100529.000000,1,"NSW-Sydney",150000,110,27,1,9,6,"$45 ",17.800000,2.851560,5.158440,"Private Renting",2.000000,6095.000000
100530.000000,0,"VIC-Portland",75000,100,41,3,16,22,"$135 ",4.400000,1.277100,4.662900,"Owner Occupier",2.000000,10220.000000
100531.000000,0,"NSW-Sydney",190000,100,31,1,11,8,"$25 ",9.100000,0.141050,2.133950,"Owner Occupier",1.000000,12065.000000
100532.000000,0,"NSW-Sydney",190000,100,41,1,16,17,"$68 ",5.400000,0.447984,3.224016,"Owner Occupier",2.000000,7795.000000
100533.000000,0,"NSW-Sydney",250000,110,42,2,5,3,"$41 ",3.400000,0.355470,1.038530,"Owner Occupier",1.000000,7325.000000
100534.000000,0,"NSW-Sydney",165000,100,28,4,1,3,"$26 ",12.400000,0.377208,2.846792,"Private Renting",2.000000,4665.000000
100535.000000,0,"NSW-Sydney",210000,100,30,4,2,8,"$25 ",10.000000,1.770000,0.730000,"Private Renting",2.000000,9645.000000
100536.000000,0,"TAS-Hobart",270000,100,30,1,11,1,"$33 ",8.400000,0.681912,2.090088,"Owner Occupier",1.000000,8040.000000
100537.000000,0,"NSW-Gosford",140000,110,31,1,8,4,"$44 ",8.000000,1.721280,1.798720,"Owner Occupier",2.000000,8430.000000
100539.000000,0,"WA-Fremantle",104000,130,45,2,15,14,"$51 ",18.100000,1.550808,7.680192,"Private Renting",1.000000,9255.000000
100548.000000,1,"NSW-Sydney",170000,100,43,1,13,23,"$76 ",6.100000,2.151104,2.484896,"Owner Occupier",1.000000,10095.000000
100549.000000,0,"NSW-Sydney",192000,100,36,1,4,10,"$23 ",16.300000,1.327146,2.421854,"Owner Occupier",1.000000,9290.000000
100551.000000,0,"NSW-Sydney",125000,100,28,1,8,6,"$30 ",7.200000,0.613440,1.546560,"Owner Occupier",1.000000,9365.000000
100558.000000,0,"VIC-Ballarat",131500,100,27,2,3,5,"$33 ",13.200000,1.633500,2.722500,"Private Renting",2.000000,9200.000000
100561.000000,0,"NSW-Sydney",245000,100,36,3,13,3,"$39 ",19.200000,2.800512,4.687488,"Living with parents/guardian",1.000000,7925.000000
100562.000000,0,"NSW-Gosford",185000,100,33,1,12,11,"$32 ",11.300000,2.104512,1.511488,"Owner Occupier",1.000000,5575.000000
100563.000000,1,"NSW-Parramatta",265000,100,54,1,9,2,"$28 ",14.800000,1.558144,2.585856,"Living with parents/guardian",2.000000,14510.000000
100565.000000,1,"NSW-Sydney",281915,100,33,1,9,4,"$29 ",13.800000,1.348674,2.653326,"Private Renting",1.000000,6575.000000
100566.000000,0,"VIC-Melbourne",265000,100,31,1,9,5,"$26 ",4.500000,0.310050,0.859950,"Owner Occupier",2.000000,6605.000000
100567.000000,0,"NSW-Sydney",281915,100,21,1,4,0,"$26 ",8.900000,1.420796,0.893204,"Owner Occupier",1.000000,10185.000000
100568.000000,0,"VIC-Ballarat",565000,100,28,3,5,9,"$44 ",8.700000,0.773256,3.054744,"Owner Occupier",2.000000,6685.000000
100569.000000,1,"NSW-Sydney",385000,120,31,2,2,1,"$26 ",6.800000,0.282880,1.485120,"Private Renting",1.000000,12520.000000
100570.000000,0,"NSW-Gosford",440000,110,32,1,8,6,"$26 ",4.100000,0.326196,0.739804,"Owner Occupier",2.000000,11885.000000
100571.000000,1,"NSW-Sydney",675000,130,35,2,1,8,"$24 ",12.500000,0.591000,2.409000,"Private Renting",1.000000,9385.000000
100578.000000,1,"NSW-Sydney",209000,101,40,2,13,11,"$102 ",18.900000,6.226794,13.051206,"Public Housing",1.000000,11355.000000
100579.000000,1,"WA-Perth",110000,110,22,1,4,2,"$24 ",15.600000,1.636128,2.107872,"Owner Occupier",1.000000,4850.000000
100580.000000,0,"NSW-Sydney",220000,130,39,1,4,9,"$38 ",6.500000,1.178190,1.291810,"Private Renting",1.000000,8290.000000
100581.000000,0,"NSW-Sydney",350000,100,41,4,14,3,"$44 ",1.700000,0.353056,0.394944,"Public Housing",2.000000,13350.000000
100585.000000,0,"NSW-Sydney",235000,100,34,1,16,9,"$79 ",4.000000,1.734840,1.425160,"Private Renting",2.000000,10180.000000
100586.000000,0,"NSW-Sydney",582000,120,29,1,7,9,"$22 ",9.700000,0.550572,1.583428,"Private Renting",2.000000,7445.000000
100587.000000,0,"SA-Adelaide",175000,130,31,1,4,10,"$28 ",11.300000,0.291088,2.872912,"Living with parents/guardian",1.000000,5300.000000
100588.000000,1,"VIC-Geelong",550000,100,32,1,1,0,"$20 ",4.800000,0.314880,0.645120,"Public Housing",1.000000,21360.000000
100589.000000,0,"NSW-Sydney",650000,391,32,1,14,7,"$73 ",8.800000,3.751616,2.672384,"Owner Occupier",2.000000,4320.000000
100590.000000,0,"WA-Fremantle",400000,100,33,1,6,14,"$21 ",7.500000,0.567000,1.008000,"Owner Occupier",2.000000,6845.000000
100591.000000,0,"VIC-Bendigo",157500,131,26,1,6,0,"$22 ",10.300000,0.720588,1.545412,"Public Housing",1.000000,9340.000000
100592.000000,0,"VIC-Portland",231000,130,21,1,1,1,"$18 ",17.300000,0.158814,2.955186,"Living with parents/guardian",1.000000,7180.000000
100593.000000,0,"NSW-Sydney",250000,120,28,2,7,2,"$34 ",7.000000,0.359380,2.020620,"Public Housing",1.000000,9310.000000
100594.000000,0,"NSW-Sydney",345000,110,37,1,13,5,"$24 ",8.900000,0.602352,1.533648,"Owner Occupier",1.000000,7995.000000
100595.000000,1,"NSW-Sydney",365000,110,33,2,2,14,"$35 ",22.900000,2.123975,5.891025,"Public Housing",2.000000,4855.000000
100596.000000,0,"NSW-Sydney",345000,110,39,1,12,10,"$46 ",5.000000,0.561200,1.738800,"Private Renting",1.000000,8645.000000
100597.000000,0,"SA-Adelaide",365000,110,40,2,8,19,"$57 ",5.600000,0.877800,2.314200,"Public Housing",2.000000,17985.000000
100598.000000,0,"NSW-Sydney",250000,130,45,3,16,21,"$80 ",3.000000,0.912000,1.488000,"Private Renting",2.000000,3425.000000
100599.000000,0,"VIC-Wodonga",195000,100,27,1,10,6,"$34 ",6.500000,0.850850,1.359150,"Owner Occupier",2.000000,10375.000000
100600.000000,0,"NSW-Sydney",1000000,110,28,4,0,7,"$29 ",24.200000,1.424654,5.593346,"Private Renting",2.000000,8885.000000
100601.000000,0,"NSW-Sydney",905000,110,39,1,13,9,"$27 ",8.000000,0.965520,1.194480,"Private Renting",2.000000,9820.000000
100602.000000,1,"NSW-Sydney",175000,110,40,1,14,21,"$43 ",15.000000,2.792850,3.657150,"Private Renting",2.000000,11195.000000
100603.000000,0,"NSW-Sydney",140000,100,27,1,11,8,"$56 ",16.900000,4.637360,4.826640,"Public Housing",2.000000,9720.000000
100604.000000,0,"VIC-Portland",180000,100,36,1,1,4,"$16 ",9.300000,0.433008,1.054992,"Owner Occupier",2.000000,8950.000000
100605.000000,0,"NSW-Sydney",180000,101,55,1,19,2,"$78 ",15.600000,4.404816,7.763184,"Owner Occupier",1.000000,6485.000000
100614.000000,1,"NSW-Sydney",180000,100,27,2,4,3,"$22 ",13.200000,1.086096,1.817904,"Owner Occupier",1.000000,5625.000000
100615.000000,0,"SA-Adelaide",170000,120,30,1,1,8,"$17 ",11.000000,0.746130,1.123870,"Owner Occupier",2.000000,8410.000000
100618.000000,1,"VIC-Portland",215000,100,36,1,10,0,"$28 ",11.200000,0.815360,2.320640,"Owner Occupier",2.000000,13350.000000
100620.000000,1,"VIC-Mildura",275000,111,31,1,1,6,"$21 ",2.500000,0.277200,0.247800,"Owner Occupier",1.000000,5720.000000
100621.000000,0,"NSW-Sydney",350000,120,33,2,13,2,"$40 ",7.200000,0.181440,2.698560,"Owner Occupier",2.000000,9940.000000
100622.000000,0,"NSW-Sydney",330000,100,30,1,4,0,"$33 ",4.200000,0.500346,0.885654,"Private Renting",2.000000,9065.000000
100623.000000,1,"NSW-Sydney",447000,100,24,1,1,0,"$18 ",5.900000,0.238950,0.823050,"Owner Occupier",1.000000,9385.000000
100624.000000,0,"NSW-Sydney",190000,100,33,4,9,10,"$28 ",4.300000,0.376852,0.827148,"Sheltered",1.000000,10915.000000
100625.000000,0,"VIC-Portland",199000,100,50,1,8,27,"$47 ",6.900000,0.398889,2.844111,"Public Housing",2.000000,8670.000000
100626.000000,1,"NSW-Sydney",185000,130,31,2,6,6,"$32 ",23.100000,3.341184,4.050816,"Public Housing",2.000000,8560.000000
100627.000000,0,"NSW-Sydney",270000,130,28,1,3,7,"$19 ",4.100000,0.260965,0.518035,"Private Renting",2.000000,12050.000000
100628.000000,1,"NSW-Sydney",199000,100,44,3,8,10,"$88 ",6.100000,0.284504,5.083496,"Private Renting",1.000000,10070.000000
100629.000000,0,"VIC-Portland",250000,120,48,4,3,23,"$45 ",9.800000,0.974610,3.435390,"Owner Occupier",2.000000,8610.000000
100630.000000,0,"WA-Perth",335000,100,36,2,0,17,"$30 ",9.700000,0.328830,2.581170,"Owner Occupier",2.000000,16335.000000
100633.000000,0,"NSW-Sydney",215000,100,29,3,7,1,"$63 ",5.500000,0.571725,2.893275,"Public Housing",1.000000,6220.000000
100635.000000,0,"WA-Perth",235000,120,40,3,17,11,"$116 ",6.000000,2.561280,4.398720,"Owner Occupier",2.000000,6590.000000
100640.000000,0,"VIC-Mildura",260000,100,33,1,7,6,"$26 ",6.000000,0.542880,1.017120,"Private Renting",1.000000,8450.000000
100641.000000,0,"NSW-Newcastle",200000,130,26,2,6,6,"$30 ",1.000000,0.143700,0.156300,"Owner Occupier",2.000000,8775.000000
100642.000000,0,"VIC-Portland",285000,100,36,1,14,11,"$81 ",7.200000,1.784592,4.047408,"Owner Occupier",1.000000,10275.000000
100645.000000,0,"NSW-Sydney",219000,100,26,2,6,0,"$35 ",1.900000,0.085785,0.579215,"Owner Occupier",1.000000,6095.000000
100650.000000,0,"NSW-Sydney",167000,100,40,3,16,6,"$116 ",12.100000,1.614140,12.421860,"Public Housing",1.000000,13075.000000
100657.000000,1,"NSW-Sydney",285000,100,44,1,5,3,"$48 ",9.000000,1.969920,2.350080,"Public Housing",2.000000,8265.000000
100660.000000,0,"NSW-Sydney",455000,100,29,3,1,10,"$30 ",4.500000,0.279450,1.070550,"Living with parents/guardian",2.000000,4535.000000
100661.000000,1,"NSW-Sydney",285000,100,35,3,5,3,"$37 ",5.400000,0.581418,1.416582,"Private Renting",2.000000,12965.000000
100662.000000,0,"NSW-Sydney",270000,100,34,1,16,3,"$75 ",10.400000,3.954600,3.845400,"Public Housing",1.000000,11585.000000
100664.000000,0,"VIC-Geelong",299500,100,34,3,12,8,"$47 ",6.700000,1.300537,1.848463,"Private Renting",2.000000,3110.000000
100665.000000,0,"VIC-Portland",430000,121,46,1,14,25,"$35 ",10.200000,1.349460,2.220540,"Private Renting",1.000000,11950.000000
100666.000000,0,"NSW-Newcastle",220000,111,41,2,21,22,"$145 ",12.200000,3.237270,14.452730,"Living with parents/guardian",1.000000,11885.000000
100668.000000,1,"NSW-Sydney",190000,100,27,2,7,8,"$30 ",4.000000,0.447600,0.752400,"Owner Occupier",1.000000,10100.000000
100670.000000,1,"WA-Geraldton",240000,110,27,4,0,6,"$70 ",8.000000,1.618400,3.981600,"Private Renting",2.000000,7055.000000
100671.000000,0,"NSW-Gosford",360000,110,28,1,11,6,"$24 ",2.400000,0.107136,0.468864,"Private Renting",2.000000,5290.000000
100672.000000,0,"NSW-Sydney",260000,100,48,3,0,27,"$19 ",10.800000,0.849528,1.202472,"Public Housing",2.000000,10895.000000
100676.000000,0,"WA-Perth",135000,100,48,3,17,26,"$113 ",12.000000,3.376440,10.183560,"Owner Occupier",2.000000,8630.000000
100677.000000,1,"NSW-Sydney",237500,110,29,3,5,6,"$70 ",19.900000,3.176040,10.753960,"Private Renting",2.000000,11580.000000
100679.000000,1,"NSW-Sydney",474000,110,43,2,9,5,"$60 ",20.400000,4.039200,8.200800,"Private Renting",1.000000,4150.000000
100681.000000,0,"NSW-Sydney",238000,101,23,1,5,2,"$17 ",7.900000,0.302175,1.040825,"Owner Occupier",1.000000,10410.000000
100682.000000,0,"NSW-Sydney",200000,111,29,2,10,8,"$44 ",18.100000,3.703260,4.260740,"Owner Occupier",2.000000,7845.000000
100683.000000,0,"NSW-Sydney",155500,100,40,4,5,6,"$75 ",1.900000,0.884925,0.540075,"Owner Occupier",1.000000,13325.000000
100684.000000,0,"SA-Adelaide",215000,100,22,2,0,3,"$20 ",5.600000,0.207200,0.912800,"Owner Occupier",2.000000,8910.000000
100688.000000,0,"NSW-Sydney",282000,130,23,1,7,3,"$22 ",14.400000,0.849024,2.318976,"Public Housing",2.000000,6915.000000
100691.000000,0,"NSW-Sydney",288500,100,46,3,9,10,"$60 ",15.300000,1.606500,7.573500,"Owner Occupier",1.000000,10270.000000
100693.000000,1,"VIC-Ballarat",250000,110,55,1,3,11,"$40 ",8.000000,0.563200,2.636800,"Public Housing",2.000000,9240.000000
100694.000000,0,"VIC-Ballarat",130000,100,38,2,8,16,"$38 ",0.600000,0.029412,0.198588,"Owner Occupier",2.000000,9475.000000
100695.000000,0,"NSW-Sydney",260000,100,35,2,5,1,"$33 ",2.800000,0.103488,0.820512,"Owner Occupier",1.000000,6165.000000
100696.000000,0,"NSW-Sydney",330000,120,30,1,11,9,"$27 ",0.900000,0.073872,0.169128,"Public Housing",1.000000,11145.000000
100697.000000,0,"VIC-Ballarat",359850,100,24,1,7,0,"$18 ",6.500000,0.526500,0.643500,"Public Housing",2.000000,16630.000000
100698.000000,0,"NSW-Sydney",275000,130,26,2,4,3,"$28 ",9.500000,0.226100,2.433900,"Private Renting",2.000000,7415.000000
100700.000000,1,"WA-Perth",545000,100,32,2,2,11,"$15 ",9.100000,0.118755,1.246245,"Owner Occupier",2.000000,8540.000000
100701.000000,0,"NSW-Sydney",325000,100,37,2,11,4,"$75 ",3.500000,0.632625,1.992375,"Private Renting",2.000000,9070.000000
100702.000000,1,"NSW-Sydney",545000,100,39,1,6,19,"$42 ",19.900000,2.540832,5.817168,"Owner Occupier",1.000000,14795.000000
100703.000000,0,"NSW-Sydney",325000,100,30,2,4,4,"$21 ",18.300000,0.491904,3.351096,"Owner Occupier",2.000000,10340.000000
100704.000000,0,"NSW-Sydney",265000,100,30,1,10,11,"$39 ",9.500000,2.056275,1.648725,"Private Renting",2.000000,6090.000000
100705.000000,0,"NSW-Sydney",250000,100,32,2,7,10,"$32 ",4.300000,0.433440,0.942560,"Private Renting",1.000000,4455.000000
100706.000000,0,"NSW-Gosford",498500,100,54,3,21,20,"$118 ",14.400000,9.600480,7.391520,"Public Housing",1.000000,4070.000000
100707.000000,0,"NSW-Sydney",145000,100,27,3,3,4,"$35 ",13.300000,1.601320,3.053680,"Private Renting",1.000000,11470.000000
100715.000000,0,"NSW-Sydney",280000,110,31,1,12,4,"$31 ",23.700000,2.057160,5.289840,"Owner Occupier",2.000000,9010.000000
100716.000000,0,"VIC-Ballarat",315000,120,39,1,15,16,"$39 ",1.800000,0.139698,0.562302,"Owner Occupier",2.000000,11455.000000
100718.000000,0,"NSW-Sydney",368000,101,31,1,5,3,"$25 ",14.100000,1.177350,2.347650,"Private Renting",2.000000,5840.000000
100720.000000,0,"WA-Geraldton",475000,110,35,1,15,11,"$40 ",18.500000,1.213600,6.186400,"Private Renting",1.000000,7320.000000
100721.000000,0,"NSW-Sydney",325000,100,35,2,10,16,"$98 ",13.300000,4.874716,8.159284,"Living with parents/guardian",1.000000,12500.000000
100722.000000,0,"NSW-Sydney",242500,110,46,2,22,17,"$144 ",11.100000,3.324672,12.659328,"Owner Occupier",2.000000,11710.000000
100724.000000,1,"VIC-Mildura",200000,120,33,1,13,3,"$52 ",21.300000,2.713620,8.362380,"Sheltered",2.000000,11720.000000
100725.000000,0,"NSW-Sydney",207000,100,35,2,13,3,"$105 ",1.900000,1.418445,0.576555,"Public Housing",1.000000,5140.000000
100727.000000,0,"VIC-Ballarat",105000,101,35,2,1,1,"$21 ",7.900000,0.369957,1.289043,"Public Housing",1.000000,11090.000000
100728.000000,0,"NSW-Sydney",105000,101,38,1,5,13,"$21 ",9.000000,0.449820,1.440180,"Owner Occupier",1.000000,10995.000000
100729.000000,0,"NSW-Sydney",105000,101,41,1,19,1,"$96 ",7.800000,2.253888,5.234112,"Owner Occupier",1.000000,10420.000000
100730.000000,0,"NSW-Sydney",105000,101,38,1,18,19,"$44 ",4.500000,0.605880,1.374120,"Private Renting",1.000000,5365.000000
100731.000000,0,"NSW-Sydney",200000,100,34,3,2,14,"$39 ",13.200000,1.142856,4.005144,"Owner Occupier",2.000000,9340.000000
100732.000000,0,"SA-Adelaide",275000,130,51,3,16,25,"$82 ",4.400000,2.604976,1.003024,"Owner Occupier",2.000000,7365.000000
100733.000000,0,"NT-Darwin",305000,130,34,2,10,2,"$33 ",9.500000,0.573705,2.561295,"Private Renting",1.000000,7665.000000
100736.000000,0,"NSW-Sydney",179000,130,47,1,15,1,"$30 ",24.500000,2.212350,5.137650,"Private Renting",2.000000,6920.000000
100737.000000,0,"VIC-Wodonga",275000,130,34,2,8,6,"$78 ",5.400000,2.156544,2.055456,"Owner Occupier",2.000000,13220.000000
100739.000000,0,"NSW-Newcastle",305000,130,27,2,8,7,"$18 ",11.900000,0.400554,1.741446,"Living with parents/guardian",1.000000,9420.000000
100741.000000,1,"NSW-Sydney",370000,110,52,1,9,11,"$24 ",19.200000,0.801792,3.806208,"Public Housing",1.000000,9285.000000
100745.000000,0,"NSW-Sydney",290000,130,39,1,9,6,"$35 ",5.000000,0.232750,1.517250,"Owner Occupier",2.000000,4065.000000
100746.000000,0,"VIC-Ballarat",273000,120,33,1,7,0,"$22 ",6.400000,0.630784,0.777216,"Owner Occupier",2.000000,12915.000000
100749.000000,0,"VIC-Mildura",252500,100,34,1,0,1,"$21 ",7.200000,0.187488,1.324512,"Private Renting",2.000000,5330.000000
100752.000000,1,"SA-Adelaide",290000,100,31,3,9,7,"$59 ",14.600000,3.109654,5.504346,"Owner Occupier",2.000000,8750.000000
100753.000000,0,"ACT-Canberra",250000,120,28,1,2,9,"$16 ",15.200000,0.870656,1.561344,"Public Housing",1.000000,7260.000000
100754.000000,0,"NSW-Gosford",300000,130,39,1,19,16,"$45 ",3.700000,0.915750,0.749250,"Owner Occupier",2.000000,8075.000000
100755.000000,0,"NSW-Parramatta",378000,100,51,2,22,23,"$120 ",7.600000,4.140480,4.979520,"Private Renting",1.000000,7945.000000
100756.000000,0,"VIC-Portland",750000,110,22,1,4,1,"$16 ",1.200000,0.084480,0.107520,"Owner Occupier",2.000000,9880.000000
100757.000000,0,"NSW-Sydney",150000,100,27,3,6,4,"$26 ",10.400000,0.930176,1.773824,"Private Renting",1.000000,9440.000000
100758.000000,0,"NT-Darwin",260000,100,32,1,16,10,"$38 ",21.000000,0.694260,7.285740,"Living with parents/guardian",1.000000,9490.000000
100759.000000,0,"SA-Adelaide",390000,100,28,2,6,7,"$38 ",7.200000,0.774288,1.961712,"Living with parents/guardian",1.000000,10915.000000
100760.000000,1,"WA-Perth",143000,101,27,2,1,0,"$20 ",10.300000,0.376980,1.683020,"Owner Occupier",2.000000,9020.000000
100761.000000,1,"NSW-Sydney",215000,100,26,2,2,6,"$24 ",13.600000,1.576512,1.687488,"Owner Occupier",1.000000,7590.000000
100763.000000,0,"VIC-Melbourne",328000,100,32,1,14,0,"$36 ",2.400000,0.273024,0.590976,"Owner Occupier",1.000000,10040.000000
100764.000000,1,"NSW-Gosford",295000,100,30,1,0,11,"$17 ",3.700000,0.446590,0.182410,"Owner Occupier",2.000000,8175.000000
100765.000000,0,"NSW-Newcastle",295000,100,39,1,13,1,"$38 ",8.900000,1.897302,1.484698,"Private Renting",1.000000,10150.000000
100766.000000,1,"VIC-Portland",540000,110,31,1,11,6,"$28 ",4.800000,0.345408,0.998592,"Private Renting",2.000000,9845.000000
100767.000000,1,"WA-Perth",140000,101,34,1,15,2,"$39 ",24.700000,4.373382,5.259618,"Owner Occupier",1.000000,7150.000000
100768.000000,0,"VIC-Melbourne",285000,100,31,1,8,3,"$41 ",12.600000,0.134316,5.031684,"Owner Occupier",2.000000,8340.000000
100769.000000,0,"NSW-Sydney",275000,100,29,2,1,7,"$25 ",10.400000,0.569400,2.030600,"Sheltered",1.000000,11775.000000
100770.000000,0,"NSW-Gosford",319000,100,29,1,9,0,"$25 ",13.900000,1.070300,2.404700,"Public Housing",2.000000,9585.000000
100781.000000,0,"NSW-Newcastle",211000,130,35,2,9,16,"$30 ",7.600000,0.649800,1.630200,"Owner Occupier",2.000000,10825.000000
100782.000000,0,"VIC-Bendigo",410000,100,29,1,11,7,"$32 ",6.000000,0.927360,0.992640,"Owner Occupier",1.000000,7610.000000
100784.000000,1,"NSW-Sydney",323600,100,38,2,2,16,"$22 ",22.700000,1.208548,3.785452,"Owner Occupier",1.000000,8010.000000
100785.000000,0,"SA-Adelaide",175000,130,35,1,16,15,"$36 ",3.400000,0.178704,1.045296,"Living with parents/guardian",2.000000,9795.000000
100789.000000,0,"NSW-Sydney",320000,110,29,1,11,5,"$36 ",6.100000,0.709308,1.486692,"Private Renting",1.000000,7290.000000
100790.000000,0,"NSW-Sydney",275000,100,23,2,3,4,"$34 ",4.400000,0.261800,1.234200,"Owner Occupier",1.000000,10590.000000
100792.000000,0,"SA-Adelaide",350000,100,33,4,9,8,"$32 ",5.500000,0.496320,1.263680,"Owner Occupier",2.000000,540.000000
100793.000000,0,"NSW-Sydney",380000,110,51,2,19,25,"$159 ",2.800000,1.068480,3.383520,"Owner Occupier",1.000000,6880.000000
100794.000000,0,"NSW-Sydney",425000,100,24,1,4,2,"$21 ",2.600000,0.099372,0.446628,"Owner Occupier",2.000000,2825.000000
100795.000000,1,"NSW-Sydney",625000,100,31,1,10,12,"$49 ",9.800000,3.236548,1.565452,"Owner Occupier",2.000000,6150.000000
100796.000000,0,"NSW-Sydney",455000,100,45,1,10,14,"$52 ",5.400000,0.932256,1.875744,"Private Renting",1.000000,11750.000000
100797.000000,0,"NSW-Sydney",260000,101,29,1,3,1,"$17 ",9.000000,0.469710,1.060290,"Owner Occupier",1.000000,7430.000000
100798.000000,0,"TAS-Hobart",425000,110,34,1,0,10,"$20 ",17.100000,2.048580,1.371420,"Private Renting",2.000000,10510.000000
100799.000000,1,"NSW-Sydney",2095000,101,25,2,4,5,"$27 ",5.000000,0.549450,0.800550,"Owner Occupier",1.000000,9340.000000
100802.000000,0,"VIC-Portland",170000,100,37,1,20,2,"$56 ",1.900000,0.542640,0.521360,"Owner Occupier",2.000000,4415.000000
